tau,fuse_acc,fuse_f1,fuse_prec,fuse_rec,fuse_bal_acc
0.5770,0.897810,0.895522,0.882353,0.909091,0.898207

darknet2_tau,darknet2_acc,darknet2_f1
0.5000,0.883212,0.880597
hier4_tau,hier4_acc,hier4_f1
0.5000,0.883212,0.884058
